Customer_ID,Name,Email,Phone,Country,Country_Code,validated_email
489f42c9-55f0-44d8-bb59-55c524accdc8,Jeff King,chaneyricky@example.com,2976896759,Tuvalu,+688,chaneyricky@example.com
dc1d043c-1085-4f95-aeef-7eb26647ca77,Christopher Anderson,brittany18@example.com,19385699876,Saint Pierre and Miquelon,NA,brittany18@example.com
9d32e2e9-9d94-422b-b6dc-730b2fa668fd,Kevin Alvarez,isaiah98@example.org,9296728348,Serbia,+381,isaiah98@example.org
5130890c-8225-4123-afba-4c9e967a4535,Crystal Rodriguez,NA,9007005604,Iceland,+354,NA
bab75d30-5312-40af-bd12-ed7bed445afa,Lucas Jordan,jamescummings@example.com,NA,Antigua and Barbuda,NA,jamescummings@example.com
8a8e0e43-2a68-4545-9e19-08f44a319476,Scott Guzman,dguerrero@example.net,7597911455,Fiji,+679,dguerrero@example.net
aeae7968-903a-4ede-ac45-0bc6826afbaa,Nichole Ball,oyoung@example.com,9376679379,Senegal,+221,oyoung@example.com
4dcdd84f-3ba7-48b4-9aea-50fb92be028f,Kim Hester,rowecatherine@example.org,18722962057,Senegal,+221,rowecatherine@example.org
ea0fc986-f19d-4eb6-9a00-7e1c1bc6025e,Deborah Melendez,hdudley@example.net,4856423345,Greece,+30,hdudley@example.net
6aa61ef6-8955-42a5-b028-def8cf8cb8ef,Tammy Brock,ortizsamantha@example.com,7822201744,Western Sahara,NA,ortizsamantha@example.com
d81fb3b9-223a-4a2f-883f-ed21ba7eec5c,Lauren Porter,jennifer62@example.net,15488487796,Comoros,+269,jennifer62@example.net
ef24853c-6ee0-4dd1-9c7c-edd767420a6c,Alan Burns,NA,NA,Central African Republic,+236,NA
a956e5f8-b764-439a-b921-53cc68af9d0d,Kenneth Parker,samuel13@example.net,3783231710,Wallis and Futuna,NA,samuel13@example.net
58432be5-350a-4ddb-9ab1-218e02c2f847,Brian Vega,lowerebecca@example.org,5359303711,Cyprus,+357,lowerebecca@example.org
3a7ca2df-0ed0-44a7-aba5-ac081a39d08f,Jonathan Stephens,carltorres@example.org,8209257970,Macao,NA,carltorres@example.org
2c3bd8c4-4a3e-4b37-8a48-2f5a1229ba43,Jay Alvarez,floreskathleen@example.com,8549106341,Myanmar,+95,floreskathleen@example.com
07ca86c3-8485-47a5-9d90-d8ccf2f12fe0,David Long,walshmary@example.net,NA,Nauru,+674,walshmary@example.net
f1cf6898-0bf9-49fb-b0a8-e80c8ac17f6b,Tammy Morris,stacy23@example.net,9204059554,Kyrgyz Republic,NA,stacy23@example.net
e9523310-5cbd-45d6-a9e6-2e17db4e45e3,Barbara Bryan,andersonamanda@example.org,13728279981,Vanuatu,+678,andersonamanda@example.org
dcfde7f7-afda-460a-824f-3d0a873d057b,April Phillips,NA,14184359902,Liechtenstein,+423,NA
f00eadce-4988-43df-a514-93ddc3b999e6,Krystal Pope,david33@example.com,6406975749,Benin,+229,david33@example.com
ec8c4b1f-37e1-4c34-9d5c-8f7da268cbb5,Anita Jackson,hollandfrank@example.net,8972677977,Sri Lanka,+94,hollandfrank@example.net
fba30250-faee-4272-b049-e65dc55f9368,Mary Boone,NA,9915631696,Guernsey,NA,NA
93d47a90-0e32-498a-96f4-b33c1ee5d23f,Timothy Hill,thompsonrebecca@example.org,18133098396,United Kingdom,+44,thompsonrebecca@example.org
cf708bf2-a6f5-4119-b7b9-060573ca79c4,Caitlin King,sarah58@example.com,6348783612,Cuba,+53,sarah58@example.com
acd954dd-52a7-4c51-8bc6-d587e562ec0e,Ethan Ballard,jeffreydavis@example.net,8534939179,Dominica,+1-767,jeffreydavis@example.net
7ebb6f3e-a743-4262-b0c3-390c4c6023ec,Philip Silva,NA,15354693264,Tuvalu,+688,NA
b924f339-3a7f-4082-811e-2141cb6a3825,Nicholas Bowman,mary15@example.org,8767758061,Jersey,NA,mary15@example.org
7fc24177-d122-41c8-95d7-a885630ad406,Heather Valdez,sfoster@example.org,9393062016,Aruba,NA,sfoster@example.org
7c797d18-1fc6-414f-b4e5-e436323a80d0,Joseph Patel,cindyking@example.net,7707618305,Belize,+501,cindyking@example.net
b161e3c2-7641-4be2-99d6-1b4b62f73e57,Joseph Medina,waynegomez@example.net,NA,Bahamas,+1-242,waynegomez@example.net
51330407-f78c-4722-860a-d90dc1b595af,Derrick Todd,hernandezcharles@example.net,18356169212,Heard Island and McDonald Islands,NA,hernandezcharles@example.net
4292fc26-d0a6-4ad8-8a77-04722b5a0970,Gary Prince,april15@example.com,4038487508,Barbados,+1-246,april15@example.com
6f632742-7f7b-48e7-9c3a-4c5e927f3c2e,Christian Hayes,mcclainalisha@example.com,NA,United States Virgin Islands,NA,mcclainalisha@example.com
e6d8f10e-2ae8-446d-a0ed-bd0b5d29b3b6,Kimberly Edwards,garrettoscar@example.org,9176632294,Trinidad and Tobago,+1-868,garrettoscar@example.org
e1e803c7-31c3-453f-8edd-3cab47c7f2c2,Chad Reese,NA,5577846500,Guam,NA,NA
cf83e969-17fb-4956-94bb-fdf26d66da03,Christopher Scott,pattonjesus@example.com,8617989950,Spain,+34,pattonjesus@example.com
1f22e566-13a0-4758-b42c-b0f6e997d46c,Christopher Castaneda,annaarnold@example.com,NA,Aruba,NA,annaarnold@example.com
c2f23a03-dacf-4454-84fe-9fc71c0823b5,Mary Brown MD,fosterkathleen@example.com,3624651857,Canada,+1,fosterkathleen@example.com
a3f2a01b-6610-4ad7-9073-abfbabb98f3b,Shannon Blackwell,jose01@example.org,9454265223,Mauritius,+230,jose01@example.org
5de27449-43b5-4758-99bd-eacfe861c84b,Peter Clay,NA,5834227384,Cape Verde,+238,NA
2d11a74e-60f5-481a-975e-ff100dc15b05,Michael Jackson,harrismichael@example.net,NA,Botswana,+267,harrismichael@example.net
a3cf1824-f93b-415e-b0c0-191430e4bf0e,Ethan Shea,lorievans@example.net,9658633212,Trinidad and Tobago,+1-868,lorievans@example.net
a672f866-e1e2-4212-9f00-c331c0606029,Janet Reyes,barrettchristopher@example.com,5559675572,Nepal,+977,barrettchristopher@example.com
614b4d0b-a21d-44de-8e85-fd62680a63fa,Samantha Cruz,NA,5116477189,Saint Martin,NA,NA
8a5657a9-021b-4b28-9360-ba7b35393f63,Daniel Berg,michellechambers@example.org,8122970114,Trinidad and Tobago,+1-868,michellechambers@example.org
5948fec3-3105-42c5-ba35-ae64d252edca,Steven Davis,gonzalezalbert@example.com,NA,Cayman Islands,NA,gonzalezalbert@example.com
4906f8ff-632d-4e40-9819-b8f05a57ffe7,Ashley Harris,brooke53@example.org,NA,Macao,NA,brooke53@example.org
e038c0d5-276b-4767-b22a-2f489f76d9ab,Amy White,jonathan75@example.org,9235173754,Yemen,+967,jonathan75@example.org
df6c1c7e-8f4f-45dc-aaaf-3428c8646537,Sandra Griffin,bryan68@example.org,19162306304,Saudi Arabia,+966,bryan68@example.org
0788f200-5721-41ec-9ff5-0ffc65fb465b,Paul Huff,steven74@example.net,17652861292,Saint Lucia,+1-758,steven74@example.net
545f72f2-43eb-4216-aa29-be7032a174d4,Alexis Johnson MD,amanda52@example.com,18259213623,Uganda,+256,amanda52@example.com
b635dea8-76be-45c8-a900-1ac6f0a142c2,Nathan Hernandez,daniel88@example.net,6172008073,Tokelau,NA,daniel88@example.net
fae82002-e124-4b43-80fe-b6b442fabf2f,Alejandro Burke,pearsonstacey@example.org,15268211590,Namibia,+264,pearsonstacey@example.org
ce9cfb03-0d1d-4654-bd97-1a90c4c160fa,Mr. Russell Richardson,georgejones@example.net,7949979535,Turkey,+90,georgejones@example.net
c9b2ee90-9c2c-4140-9059-0470d7e76266,Emma Nicholson,john61@example.com,15717115975,Saint Barthelemy,NA,john61@example.com
4c102fa1-f886-4eda-85c4-0f6d1e7116d6,Cassandra Phillips,richardtracy@example.com,3793509727,Mayotte,NA,richardtracy@example.com
e9197652-e110-4cdf-9227-23c66f0a2f33,Kathryn Fuentes,wmullins@example.net,8947860577,Paraguay,+595,wmullins@example.net
51983bd3-03a4-42c8-b784-e978d8771d0f,Michelle Brown,robertslaura@example.org,5198337359,Tajikistan,+992,robertslaura@example.org
6bf29934-331d-4f11-b00d-1b1bf5bc3012,Amy Collins,xfox@example.net,12687321021,Uruguay,+598,xfox@example.net
66ef8007-45fe-40cf-a6a4-6ceac9a7c5ee,William Cruz,jimmyrivera@example.net,9036414420,Sierra Leone,+232,jimmyrivera@example.net
52a86091-196e-4b0f-8f78-c252ace37d28,Edwin Watkins,phillip17@example.org,7669606409,Saint Pierre and Miquelon,NA,phillip17@example.org
389ce48e-0282-429e-8218-e2c472a354a8,Meagan Wright,gpennington@example.org,NA,Anguilla,NA,gpennington@example.org
fdb19bbf-7ee4-4833-bba6-e9b22a898e39,Amy Lane,lyonsjanet@example.com,16664334300,Jersey,NA,lyonsjanet@example.com
f0726893-40da-463d-aefb-707b73f796e6,Russell Morales,tylerharrell@example.com,15643759914,Korea,NA,tylerharrell@example.com
ff05ceba-f459-4714-a252-e03198d9934c,Lindsey Bradford,kathryn50@example.net,NA,Marshall Islands,+692,kathryn50@example.net
b6878cea-1767-4d07-bba5-a1a762f27aee,Brian Martinez,brianna83@example.net,7895616798,Cote d'Ivoire,NA,brianna83@example.net
0caddccb-f42d-4365-8a6c-84779332e707,Taylor Kelly,amcconnell@example.org,2653432028,Iceland,+354,amcconnell@example.org
b7cc50b3-970a-4ba6-9503-b220c104467c,Jason Davis,cmontes@example.com,3488186658,Portugal,+351,cmontes@example.com
0d7fb346-dd23-4ecf-8c23-7a9444550cdc,Laura Roberts,twright@example.org,4512711224,Nepal,+977,twright@example.org
3f6c26f3-aef8-4992-a588-18b2d28726ff,Matthew Brown,edward90@example.org,7112520240,Japan,+81,edward90@example.org
df1d006a-dcec-4ae8-902e-76ed5de0c0f5,Ruben Guerra,victoriascott@example.com,13807760484,Macao,NA,victoriascott@example.com
b8eaa8af-fe31-4f60-a4d3-2037756d4e56,Mrs. Elizabeth Huffman PhD,shane18@example.org,NA,New Caledonia,NA,shane18@example.org
3167751a-2b48-4dec-92d7-a36492ae65ce,Melissa Smith,allison23@example.org,3603599818,Yemen,+967,allison23@example.org
20566376-aa05-4b75-915d-93d7496202d0,Jonathan Williams,NA,6442465498,Chad,+235,NA
e9523310-5cbd-45d6-a9e6-2e17db4e45e3,Barbara Bryan,NA,13728279981,Vanuatu,+678,NA
e389eea3-1879-4df8-9311-fb2b068c4082,Richard Hernandez,isimon@example.net,7517334401,Tuvalu,+688,isimon@example.net
eb4c8fec-1fce-4b07-a64a-a628730fe8d4,Chad Madden MD,nelsonscott@example.org,2566260421,Cayman Islands,NA,nelsonscott@example.org
c09bb5b8-b44b-4f81-a231-36843fc824d2,Kimberly Watkins,hernandezmelissa@example.org,4745347110,British Indian Ocean Territory (Chagos Archipelago),NA,hernandezmelissa@example.org
ee6d5f11-06a9-404c-a09d-0f50ee607614,Carlos Contreras,rfields@example.com,8815912337,United States of America,NA,rfields@example.com
431c3974-f686-4979-a530-198189717bfd,Brenda Crawford,NA,16064139966,Maldives,+960,NA
20d5d39a-ae21-4d3c-89a8-208a9462f8ac,Andrew Schneider,angelastewart@example.net,14983193369,Honduras,+504,angelastewart@example.net
0afa5f18-dd87-4a64-9875-dfd76f255078,Angela Smith,rmorrow@example.org,12979520906,Guatemala,+502,rmorrow@example.org
1d2998ec-9983-479a-bce2-28bd5b56aa3c,Jennifer Garrett,jeanette88@example.org,6156365778,Congo,NA,jeanette88@example.org
4ce1f2a2-d61f-43bf-81b8-7225cc56c14f,Jessica Frank,michelle98@example.net,15658663028,Mozambique,+258,michelle98@example.net
e26383e6-4eeb-430c-9a11-386e157233f2,Mary Pacheco,kylerobinson@example.org,8484272009,Liberia,+231,kylerobinson@example.org
cbd8dd38-90fb-42bd-bff4-11f6b2057957,Hayley Mcdonald,richard07@example.org,12606964902,French Guiana,NA,richard07@example.org
d9d4012e-c135-452d-973a-b824f10ffc43,Jeff Porter,bmassey@example.net,8026391143,Cayman Islands,NA,bmassey@example.net
a0a4a452-1235-488f-beb2-5935d4ad9d32,Jerry Robertson,wilsondavid@example.org,5822804063,Timor-Leste,NA,wilsondavid@example.org
c3d06e21-d959-43cd-a92f-4600886542ba,Bianca Murphy,kenneth05@example.org,7138137453,Puerto Rico,NA,kenneth05@example.org
77fad2f0-0e5c-4a1d-b7da-63e154f71b8e,Rhonda Duncan,jacquelinewarner@example.org,4248523349,Australia,+61,jacquelinewarner@example.org
69a16a0a-81e7-4438-b116-b60a3ccd2c7f,Caitlin Chavez,NA,7888881647,Slovakia (Slovak Republic),NA,NA
44eecbca-dbe0-4f32-b491-815b7b89c389,Ronald Robinson,biancastewart@example.com,5705764709,Sao Tome and Principe,NA,biancastewart@example.com
cef0b5e5-7791-4972-8737-655b631b9a0d,Shelley Maxwell,marcuscooper@example.net,5879036412,Saudi Arabia,+966,marcuscooper@example.net
76ca8016-f484-41cb-beea-882405bdddbc,Jay Schneider,dfrank@example.org,8664529699,Kuwait,+965,dfrank@example.org
2d4729db-514e-4673-81ea-682e6bad8434,Mary Butler,NA,2839826451,Mozambique,+258,NA
ea448055-3fb4-4d50-b080-1e362b2d757f,Nicholas Castillo,NA,12487445507,Netherlands Antilles,NA,NA
500a7880-9ca6-40ce-9c21-65186d7f1eb8,Vanessa Hamilton,maria68@example.com,16662142365,Taiwan,+886,maria68@example.com
8588e821-cdd8-4103-b2fb-3f0dbcf5c551,Jackie Jackson,emendoza@example.com,4285790421,Congo,NA,emendoza@example.com
2673e21b-07b1-4804-ad33-2ccfa93a54ad,Catherine Taylor,hansenrenee@example.net,5779053571,Sierra Leone,+232,hansenrenee@example.net
df03db23-40db-4205-81b3-2fd2a0a0cfa7,Christine Caldwell,jaykennedy@example.com,9536188838,Guernsey,NA,jaykennedy@example.com
4166b61a-cb6d-4190-ac0b-df812c0308ff,Travis Reynolds,joshuawilliams@example.com,NA,Guatemala,+502,joshuawilliams@example.com
f5b98c90-b50f-493b-a3db-ce059841f052,Christopher Rice,rachelalvarez@example.com,8166156339,Dominica,+1-767,rachelalvarez@example.com
d84ee991-738d-4fce-add7-34c8ac144bdd,William Graves III,joannecohen@example.net,2725766537,Djibouti,+253,joannecohen@example.net
3aa1308e-e658-4e8d-a5f7-d30191cd1f6c,Michael Odom,ngonzalez@example.org,7573198835,Bahrain,+973,ngonzalez@example.org
39ec85ac-c692-4946-8da8-7db6afa34dc3,Maria Holt,michael67@example.net,3137677071,Togo,+228,michael67@example.net
b4c2fa89-abf1-4c25-8f69-d087c866328c,Daniel Gibson,frogers@example.org,3207419378,Norway,+47,frogers@example.org
8a433d9c-5634-4deb-9186-69b5eb2e42c6,Michael French,crystal97@example.org,17323396202,Greece,+30,crystal97@example.org
babec972-ffb3-4c56-99c3-e8e3855adf0f,Christina Sanchez,craigprice@example.org,4832368495,Haiti,+509,craigprice@example.org
d901b9b6-1826-4e6a-8c12-8ad5435784a3,Jason Johnson,msmith@example.org,5053877042,Equatorial Guinea,+240,msmith@example.org
e80d8281-f41f-4701-ac74-5375a3cc7abb,Brent Benitez,hillmargaret@example.com,5142389986,North Macedonia,+389,hillmargaret@example.com
f97962f9-4fae-4b03-808b-a3ddaefc0e07,Angela Moss,christopher24@example.net,2178955149,Montenegro,+382,christopher24@example.net
44b76e6b-5b75-4080-a619-d310669b11c0,Rebecca Barrett,isaiah57@example.net,8608173059,Seychelles,+248,isaiah57@example.net
d45d89c0-b213-4ac0-88fe-9b34f9303791,Susan Allen PhD,robert12@example.net,4866059695,Moldova,+373,robert12@example.net
0f843fb2-0824-457d-a319-bfde36e50398,Dennis Parker,heatherlynn@example.com,NA,Saint Kitts and Nevis,+1-869,heatherlynn@example.com
f7c4d1cd-18dc-475c-9a5c-1131df8c23dd,Caroline Griffith,mario58@example.net,2398285744,Korea,NA,mario58@example.net
0a1fae74-7af1-4032-8d72-0b0a14f9bd1b,Robert Torres,brianna09@example.org,16205001059,Ecuador,+593,brianna09@example.org
c32bbb29-fbd6-4145-8cf2-3cfa072ca189,Edward Allen,alexandermorton@example.net,5405717039,Svalbard & Jan Mayen Islands,NA,alexandermorton@example.net
e311bd6f-bf8d-4564-91d7-7167be83ac00,Cynthia Walls,fhays@example.com,17718294155,Moldova,+373,fhays@example.com
d46dba64-9572-42fb-a302-7b2ca9d4d303,John Garcia,ihuerta@example.com,3864278566,Guyana,+592,ihuerta@example.com
e525e7f9-41ee-48bc-b8f4-81a75acbc3aa,Heather White,ele@example.net,16409830499,United Arab Emirates,+971,ele@example.net
32c43310-2156-40bf-a0bb-88ae963c2b3d,Christopher Lewis,NA,7779509609,Fiji,+679,NA
822fe765-a84f-4f9e-a7de-3e2974f39647,Stephanie Young,greenkimberly@example.org,5984867239,Syrian Arab Republic,NA,greenkimberly@example.org
66bf0b0c-ef19-4104-958b-fe54d80fe054,Catherine Phillips,gloriajones@example.com,5803961848,Pitcairn Islands,NA,gloriajones@example.com
3e1907bd-306b-4612-b03f-9964c54d5f00,William Thompson,ambersweeney@example.net,14219716356,El Salvador,+503,ambersweeney@example.net
5aa953b3-e4bd-4b14-be0b-9e895d39156c,Dr. Gina Patterson,NA,8042930263,Iran,+98,NA
3f39f7c4-6613-4438-a6ab-65c259b6d2d1,Kyle Lee,ekent@example.org,NA,Dominican Republic,+1-809,ekent@example.org
319a1175-3869-4067-bead-d13f371071e4,Paula Donaldson,ryan28@example.com,3968350383,Congo,NA,ryan28@example.com
5355cd8b-9982-42e3-91f3-e013e44ae2a2,David Wise,trevinobrandon@example.com,6944380692,Ireland,+353,trevinobrandon@example.com
93dc833d-ab7f-472b-bde7-be725e1cb16f,Brian Ford,christinedelgado@example.com,NA,Monaco,+377,christinedelgado@example.com
10eb0f3f-a266-4e1e-8b39-108a292e21e9,Carlos Owen,jestrada@example.org,4505045235,Zimbabwe,+263,jestrada@example.org
bf6a39cd-3f6f-4db8-979b-309e062a0bd6,Travis Hines,zacharybyrd@example.com,3557112380,Mauritius,+230,zacharybyrd@example.com
11c5aa4e-e3c6-46ff-9667-2816ebbbe2b4,Juan Washington,christinerivera@example.org,NA,Nepal,+977,christinerivera@example.org
c2195696-d59d-48aa-9e98-2457bb790034,Ashley Montoya,wallscheryl@example.net,14926225819,Italy,+39,wallscheryl@example.net
0f4ff1f7-40fc-4223-a2fa-677292d8708b,Kristin Ochoa,gonzalezrebecca@example.org,5048422148,Palestinian Territory,NA,gonzalezrebecca@example.org
b8e96810-c0bc-4b5e-8e2c-8b61afd70831,Kimberly Allen MD,cwebster@example.net,NA,Belarus,+375,cwebster@example.net
fe887e53-e78f-4207-8e5e-73e38baf3e0d,Barbara Rodriguez,xfrye@example.org,12357317235,Denmark,+45,xfrye@example.org
c1ef6db1-e10f-4ffa-b055-7a65d2f15401,Michael Rasmussen,valdezapril@example.com,19152088395,Kenya,+254,valdezapril@example.com
363334ad-e69d-44f5-9907-b817bf4bed8f,James Mcdonald,NA,9245795879,Costa Rica,+506,NA
29dcbd8d-36dc-4b75-9231-224e62721e78,Thomas Patton,christopher93@example.net,18698956646,Micronesia,+691,christopher93@example.net
480bccf9-0f7e-46e3-b5e4-f59de3a78e42,Kathryn Adams,NA,6504292010,Italy,+39,NA
e78cedd7-bf36-4830-8f22-4552ac5599b7,Courtney Bentley,norrismichael@example.net,9833823317,Bosnia and Herzegovina,+387,norrismichael@example.net
59f3019e-8d7e-4dc3-b23f-c1dab63c5f4e,Perry Taylor,averyeric@example.net,7746999892,Pakistan,+92,averyeric@example.net
e65089f8-9b69-4899-a0f2-bafe03e6c7f3,Karen Hughes,michael74@example.com,4675239933,Indonesia,+62,michael74@example.com
311e7923-f873-4798-9f3b-94176976b64e,Steven Guerra,josephlopez@example.org,9493004891,Germany,+49,josephlopez@example.org
69cebeb5-ba90-45d7-9c9d-438d7441a86d,Julia Martin,cmcdonald@example.org,5839650907,Kyrgyz Republic,NA,cmcdonald@example.org
47fae057-1414-4281-84b1-c36c87aee80b,Michelle Marshall,moraleskenneth@example.org,17319711922,Mexico,+52,moraleskenneth@example.org
0bab460b-e8fc-4d21-83b0-d124c55c8f41,Patrick Cunningham,amy05@example.net,8346668837,Libyan Arab Jamahiriya,NA,amy05@example.net
c7f17f22-4ba9-4d2d-b8b7-0c514fb0b751,Scott Crawford,marydavis@example.com,9982347024,Pakistan,+92,marydavis@example.com
dc4fde3e-5b94-4da9-8335-1b7b6bd9a166,Latasha Romero,lopezcarl@example.com,17116639816,Sierra Leone,+232,lopezcarl@example.com
beeee184-9c65-4d6f-b4ab-e41857540b1a,Benjamin Williamson,ugarcia@example.org,18077647249,Congo,NA,ugarcia@example.org
e390fd9b-f416-4179-82d5-54f275ed749e,Erin Porter,sharonwood@example.com,14632760820,Trinidad and Tobago,+1-868,sharonwood@example.com
9c1baa94-9eda-4531-b807-e6e05bedee88,Anthony Leonard,smithapril@example.com,6249132478,Kuwait,+965,smithapril@example.com
5092f3c7-8ac9-444f-b361-4271ddf318c7,Brian Strong,benjaminfrancis@example.org,19416252480,Somalia,+252,benjaminfrancis@example.org
db2a4c30-a4d3-4b32-b2c6-4f4c903d2f68,Natalie Reynolds DDS,hallheidi@example.com,5988228631,Papua New Guinea,+675,hallheidi@example.com
9fd178dc-cc0a-443d-a3e5-40880df4ac6b,Debra Ponce,jpeters@example.net,6085703121,Spain,+34,jpeters@example.net
72273f1a-f65c-4c13-89c9-806c1df61451,Donna Clarke,freed@example.net,6153935466,Senegal,+221,freed@example.net
a3fc7d8e-7381-4104-9511-95d4149539ce,Christian Moore,NA,6475739285,Maldives,+960,NA
4aba2e91-ab58-419d-9377-f8ea292d60c0,Tammy Jenkins,davidjackson@example.net,3769777398,China,+86,davidjackson@example.net
1872c8f7-6724-46e0-949b-d5f4140d39ed,Anna Burton,kathleenwhite@example.com,6303749802,Nauru,+674,kathleenwhite@example.com
149b8752-cedd-4c06-bbf9-aeadef2ec970,Taylor Morgan,fhill@example.net,4732475677,Macao,NA,fhill@example.net
d0d14c16-f3b2-4f8b-a675-d0f21adb8dbe,Stacey Stewart DVM,NA,17718870901,Cambodia,+855,NA
89c077ce-2541-44a3-9193-94cc150e69a9,Ray Murphy,lramirez@example.net,19538178866,Cote d'Ivoire,NA,lramirez@example.net
febd4cc4-d9ee-49d7-a4f2-1dcdbe1c49a5,Richard Salazar,jefferywheeler@example.com,9853421290,Bangladesh,+880,jefferywheeler@example.com
5613fae4-8955-454c-81d7-c4d0ce4a4cbc,Brittany Cochran,wilkersonwesley@example.net,19109466222,Uzbekistan,+998,wilkersonwesley@example.net
46995174-1c3b-40c5-b9b4-312bbfd49289,Sandra Guzman,scottangela@example.org,NA,Barbados,+1-246,scottangela@example.org
8e39546e-5d13-42c5-b956-84d02ba2e1b7,Angela Brown,NA,NA,Cuba,+53,NA
627d9829-6d52-4899-b01e-9c4843c67bd1,Jason Rush,michaelmathews@example.net,14047418280,Armenia,+374,michaelmathews@example.net
38665d78-cba8-47c1-8e42-c2d3299f6759,Jasmine Robinson,lewistamara@example.org,9992256492,Saint Lucia,+1-758,lewistamara@example.org
b552b0ab-faf1-452b-a2e6-7b37a31aa881,Tricia Carroll,michelle14@example.net,NA,Djibouti,+253,michelle14@example.net
7c71fc5b-61e6-4f22-b9b8-c5658210276a,Abigail Scott,bmoore@example.com,5114306186,Cape Verde,+238,bmoore@example.com
d74c33bd-69d9-4718-9e00-d1895a41ddac,Thomas Brown,vjohnson@example.org,2769037065,Pakistan,+92,vjohnson@example.org
69ac4875-45f6-48dd-8633-01f8bd09bc88,Anthony Harrington,davisbrandy@example.com,12897792948,Nigeria,+234,davisbrandy@example.com
7622c988-b135-4108-8c85-f99b453b1f9d,Tracy Carroll,crossjennifer@example.org,16089423093,United States Virgin Islands,NA,crossjennifer@example.org
2cc1e020-c006-4a52-8e87-bb154e882a72,Dawn Rice,hicksbradley@example.org,2997102920,Pakistan,+92,hicksbradley@example.org
fd5f66d9-f311-47a9-be9a-389e6e63a533,Jason Weaver,nicolechang@example.net,3536629794,Timor-Leste,NA,nicolechang@example.net
29593a3c-f053-4d32-ad5b-bd45a655a5be,Brian Bennett,eboyer@example.org,12477402632,Benin,+229,eboyer@example.org
4a9590d8-9663-4dbe-94c2-2a949a4471f7,Amber Parks,ryan23@example.org,5573573942,British Indian Ocean Territory (Chagos Archipelago),NA,ryan23@example.org
c3bd109a-37ad-4d02-810d-c75c985062fb,Matthew Ball,pmartinez@example.net,2012729715,Tajikistan,+992,pmartinez@example.net
1f22e566-13a0-4758-b42c-b0f6e997d46c,Christopher Castaneda,annaarnold@example.com,7263063515,Aruba,NA,annaarnold@example.com
08bda8a7-29c0-4ecc-ab29-50e32eaf7ba2,Michael Murphy,pagemaria@example.org,9826809459,Timor-Leste,NA,pagemaria@example.org
4dd64bed-2baf-4b81-91b8-e781374787f5,Joy Hicks,melissasmith@example.net,9126147615,Sao Tome and Principe,NA,melissasmith@example.net
06f70108-4508-4662-bf7d-0eb90509f910,Heather Brandt,jprice@example.org,7719169174,Cook Islands,NA,jprice@example.org
b8564eba-3bc2-4300-a6a0-7c2d32c5258e,Timothy Walker,fespinoza@example.com,5567739174,Luxembourg,+352,fespinoza@example.com
b40e5c83-9808-4dc6-966f-5451f83b4aec,Eugene Miller,thomas43@example.net,15786690358,Central African Republic,+236,thomas43@example.net
2fe7a98b-f423-47df-aa17-fe7768bf70af,Paul Garcia,abigail30@example.com,2584065955,South Georgia and the South Sandwich Islands,NA,abigail30@example.com
4d088ec8-25d7-417f-a6d0-86a1ae907147,Michelle Moore,iwashington@example.com,NA,Latvia,+371,iwashington@example.com
b0d4f1e8-7f0f-4d61-8169-81ee81f204e6,Chad Leonard,connerjillian@example.net,8834609425,New Caledonia,NA,connerjillian@example.net
6657a2b2-3041-43b0-ad51-0118b0345ca1,Dr. Jacob Molina DDS,walterscarlos@example.com,18648907410,Mayotte,NA,walterscarlos@example.com
a656f3c3-fd35-488f-a171-12522396e418,Brianna Pacheco,baldwinteresa@example.com,15732423509,Congo,NA,baldwinteresa@example.com
8d356841-fb0c-4dfa-9f69-537edf941b50,Sydney Davis,greenchristopher@example.net,13457452516,Suriname,+597,greenchristopher@example.net
ec77cf0d-5406-4a54-badb-aab6ba7c0ced,Grant Patterson,kevinschroeder@example.net,13236232650,Nicaragua,+505,kevinschroeder@example.net
a9870b94-ad60-4ff4-99a9-817ecf8e4a1a,Jerome Garcia,NA,2663858993,Benin,+229,NA
aaa3cb01-e425-4429-a9fa-574b61ccfaa3,Joshua Taylor,brian25@example.net,7536986264,North Macedonia,+389,brian25@example.net
f3e565ac-7ad0-4e6a-8bde-e12ba82bea2c,Jessica Ortiz,ballardamanda@example.org,4098987486,Belarus,+375,ballardamanda@example.org
197179e6-d4ca-472b-a976-44e3ca91d064,Colin Franklin,jeffreydouglas@example.org,5834005249,Equatorial Guinea,+240,jeffreydouglas@example.org
16c06854-b963-4325-bf44-295783569f40,Scott Holmes,NA,14194938769,Gibraltar,NA,NA
90642a03-5942-4192-aaaa-67baf3e2a6b3,Steven Martinez,ayalaangela@example.com,NA,Cook Islands,NA,ayalaangela@example.com
742f0811-2251-4809-b175-2f6b2be2baa3,Christopher Carter,michael68@example.com,8813129168,Kazakhstan,+7,michael68@example.com
2fbd8187-90f1-409e-89ff-3ff4cae288e6,Mark Miller,douglas00@example.org,2539186998,Mexico,+52,douglas00@example.org
9ee25ed5-e5ae-483e-8e89-08ae39f3088f,Sherry Freeman,cummingsmitchell@example.org,19404772473,Solomon Islands,+677,cummingsmitchell@example.org
552651e9-3ff6-4c64-bdc5-863a8c65c5b2,John Snow,harmonstephanie@example.net,17503769835,China,+86,harmonstephanie@example.net
fa88d8d2-8229-4bfc-b1c0-2396ef852a79,Charles Hopkins,NA,NA,Mauritius,+230,NA
1b02ee41-79f8-4e99-9f4d-eff19bc09c06,Courtney Schneider,sheena24@example.org,2735316941,Ecuador,+593,sheena24@example.org
2d939a24-9c21-491d-890e-9b480713eb0e,Robert Hamilton,NA,NA,Australia,+61,NA
3a98d8db-a695-4811-8dd7-dc0ad191e455,Tiffany Franklin,wsmith@example.net,12243335776,Iran,+98,wsmith@example.net
8ea03ec4-de7c-4231-92b4-3aea610cdfaf,Jordan Dawson,baldwinjoseph@example.com,6508452426,Chad,+235,baldwinjoseph@example.com
69888109-1d76-459e-90b2-cefaa901cdd6,Jonathan Lewis,NA,18718419634,Morocco,+212,NA
590361a8-caa0-424c-8d77-70608c42795b,Michelle Scott,andrewkelley@example.com,14515458632,Bouvet Island (Bouvetoya),NA,andrewkelley@example.com
eb8ac0bd-ca7b-42a4-a7c5-30837aab5f85,Jose Howard DVM,frazierjonathan@example.org,NA,El Salvador,+503,frazierjonathan@example.org
7528a62e-53a1-4576-9c68-ff35d103af2d,Patrick Kim,gravesangela@example.net,4028756832,North Macedonia,+389,gravesangela@example.net
f546da7e-12b3-4d44-8d3f-7628869787ca,Darlene Martin,krussell@example.net,12689568449,Iceland,+354,krussell@example.net
003ca69a-991c-4c11-899a-51bb7365499d,Erica Diaz,hurleyanna@example.com,18545044941,Iraq,+964,hurleyanna@example.com
36b57eed-b59e-4f00-957b-af98ddda3e77,Robert Perez,NA,3094921513,Pitcairn Islands,NA,NA
8ca9b924-d19b-410e-a982-039971bc9c42,Craig Vance,howelltracy@example.org,8145284305,Heard Island and McDonald Islands,NA,howelltracy@example.org
44d6a920-5aeb-4543-a174-690164e3ed0b,Michelle Tran,fisherryan@example.org,5439762407,Heard Island and McDonald Islands,NA,fisherryan@example.org
aef56cc0-b77a-4ef4-a4c7-82f6a7760fb3,Catherine Johnson,yperry@example.com,19335060742,Reunion,NA,yperry@example.com
5372abfe-a410-44a5-8e36-31bea77cc6dd,Gerald Hunt,qking@example.com,8135664104,Gabon,+241,qking@example.com
7421ad8a-eead-44c6-870a-3e9371833c03,Tara Cohen,NA,6738156651,Timor-Leste,NA,NA
4f8250f3-4ca8-4f30-90ac-13fb25b972be,Thomas Barnes,jeremy50@example.net,4099164901,Lithuania,+370,jeremy50@example.net
a0e7eba6-b2a3-4c82-bb56-02358a21b42a,Pamela Williams,myerscory@example.org,5489468546,Cocos (Keeling) Islands,NA,myerscory@example.org
dfce9c24-71c4-4cd8-9b59-f34e48842979,Jeremy Jones,millerjeremy@example.net,14988400507,Botswana,+267,millerjeremy@example.net
4efc14d8-e1ae-46aa-97ec-b1b415271198,Renee Sharp,contrerasmelissa@example.net,14957063443,Venezuela,+58,contrerasmelissa@example.net
d175f8f1-f29f-448f-a9bf-28d9d20e6d47,Stephen Price,NA,13795781107,Reunion,NA,NA
dfc9bfce-6504-4d84-9781-21818c665b9a,Rebecca Martin,taragraves@example.net,8082056692,Malta,+356,taragraves@example.net
2862a3af-dd74-45d3-9606-06cbc60729a4,Robert Chandler,jennifer66@example.org,9307795700,Ireland,+353,jennifer66@example.org
022be62d-eb06-4ef4-b6e7-5ddc92ba2009,Megan Roberts,idiaz@example.com,5666968200,Cook Islands,NA,idiaz@example.com
96012fd8-091c-4290-a3c3-b8fb9b8772e0,Ruth Alvarez,NA,9179657512,Papua New Guinea,+675,NA
d175f8f1-f29f-448f-a9bf-28d9d20e6d47,Stephen Price,ztorres@example.com,13795781107,Reunion,NA,ztorres@example.com
a18aa4ff-e7be-4e30-9205-6d82327a649a,Scott Robinson,hdelgado@example.com,17918609753,Ethiopia,+251,hdelgado@example.com
37881568-6780-47d3-b586-5971c997fc1b,Tiffany Clay,nrichardson@example.net,4668137466,Mongolia,+976,nrichardson@example.net
e5ad8793-f122-4924-bf84-74ee9a830f6f,Amber Melendez,maureensmith@example.net,8188912503,Israel,+972,maureensmith@example.net
66a912c2-1e8a-4226-b0e5-986ac0bafeab,Kelly Alexander,ywoods@example.org,7644623139,Guernsey,NA,ywoods@example.org
fff17bbe-4164-4e8c-b956-629b8a5dd171,Taylor Landry,thomasbrown@example.org,14772211027,Canada,+1,thomasbrown@example.org
1189a9af-0112-47de-a3d7-2a37de35475d,Juan Flynn,gchambers@example.org,8195107250,Equatorial Guinea,+240,gchambers@example.org
236c5923-6279-4dfd-9305-87215258e57f,Desiree Gray,williamsimon@example.com,5057099158,Bolivia,+591,williamsimon@example.com
7cdaae1c-7eee-4b39-a90f-8ee3cdb1ecb3,Patrick Clayton,martinezamy@example.net,NA,Barbados,+1-246,martinezamy@example.net
321c2e5e-6127-4a81-b6b5-000d54c145b4,Matthew Burke,wheelerjames@example.com,6563471549,Nicaragua,+505,wheelerjames@example.com
d63527d7-7e3a-477a-9647-7ea1d9bdb87f,Ann Smith,solischarles@example.com,13952321750,Hong Kong,NA,solischarles@example.com
075005e4-bb34-4965-bb28-fd100b10c45c,David Mcmahon,dale06@example.com,6505093434,Jamaica,+1-876,dale06@example.com
e16a64a3-cd86-41ff-b494-7922f780f3ed,Jeffery Wagner,tranmichaela@example.org,18755328141,Maldives,+960,tranmichaela@example.org
08558fbe-cb5c-4229-af5f-2b5236b4756c,Kyle Garcia,patrickmorgan@example.com,19917955719,Kyrgyz Republic,NA,patrickmorgan@example.com
9ef75e2b-2517-4e6d-b752-ae890322233a,Walter Lopez,stephanie56@example.net,9766235313,Bosnia and Herzegovina,+387,stephanie56@example.net
a86c33f3-1d66-47a1-b688-9a980aa8ba50,Cassandra Hunter,joseph15@example.net,15375505297,Trinidad and Tobago,+1-868,joseph15@example.net
75af95a2-e30e-4841-9eaa-0bc65340b18a,Laura Kelly,ehughes@example.org,9057633327,Panama,+507,ehughes@example.org
38f05547-f7b0-4f41-a3d9-c57ecbf7d453,Loretta Thomas,rjohnson@example.net,9027589703,Saint Barthelemy,NA,rjohnson@example.net
388d7ff2-2ef6-4f32-8801-db2dc2471212,Larry Blankenship,mullinsgeoffrey@example.net,2982254265,Sao Tome and Principe,NA,mullinsgeoffrey@example.net
5f3977f9-82ae-42d7-97b5-114e8274b349,James Payne,igarcia@example.org,19746371714,France,+33,igarcia@example.org
2dc3fe00-cfd8-423c-bf2a-8421f90fcc76,Brittany Smith,NA,15072763551,Suriname,+597,NA
ec128a06-b46b-42d3-929a-4e7043aa09fd,Vincent Davis,tcampos@example.net,7913974892,Lithuania,+370,tcampos@example.net
8056d143-f0d2-4bc5-997f-bb4e063836e6,Maria Cox,sarah39@example.net,5978997173,Finland,+358,sarah39@example.net
eb719f2b-721c-4e0e-b322-2074dcc4699e,Emily Clark,moralescynthia@example.org,7435155709,Mauritania,+222,moralescynthia@example.org
21481327-547c-4927-8a2b-501ccc395aff,Casey Herrera,george13@example.org,2692299694,Iraq,+964,george13@example.org
f29bdd0d-458f-4ab2-99e7-4b5ac1044984,Marcus Hernandez,NA,NA,Sao Tome and Principe,NA,NA
81a236f9-f583-4480-80e3-d0b288c991d9,Marie Smith,NA,7429555993,Turkmenistan,+993,NA
64d9fc83-354a-4c4f-a4da-a0c9ed1ffa54,Tina Davis,murphymichael@example.net,7005384688,Lebanon,+961,murphymichael@example.net
8810de37-671b-42cd-99f9-89f1aaf6da1c,Benjamin Martin,NA,15648912620,Iceland,+354,NA
22cc5f4e-4562-43dc-be1c-1766b6e64fec,Danielle Miller,jennifer17@example.com,3994527779,Antigua and Barbuda,NA,jennifer17@example.com
eae94849-07d3-446f-a8a4-12c6fd7aed4b,Lydia Sullivan,kathleen44@example.net,8454540754,Japan,+81,kathleen44@example.net
e8149776-a6c9-4412-9436-492cbbe69d53,Glenn Michael,rcarr@example.net,2103866120,Greenland,NA,rcarr@example.net
87728329-1121-4e4c-b2d7-35cca67a2275,Laura Brown,jeffery17@example.com,4205499634,Western Sahara,NA,jeffery17@example.com
cc56da90-b661-437c-aa66-b5ad62fb5622,Amanda Ward,martinezjames@example.net,17539609368,Tuvalu,+688,martinezjames@example.net
aa6b678d-9657-479b-95e7-da3d33daf3b6,Cynthia Smith,isabella28@example.org,2395719257,Saint Martin,NA,isabella28@example.org
58f2b617-5029-4905-a59e-93577f9aeb7e,Evelyn Smith,laurabanks@example.net,12499096493,Zimbabwe,+263,laurabanks@example.net
f80f4c90-42bd-43ad-8111-631c5ecac97f,Joseph Castro,markgolden@example.net,15398886708,New Caledonia,NA,markgolden@example.net
39e40a29-29eb-4c71-8bb1-7cbf71224ad9,Julie Powell,sarasosa@example.com,4244677700,Estonia,+372,sarasosa@example.com
73ce85f6-bad1-44bf-832d-c2481bb1d1e3,Jasmine Fleming,douglas98@example.net,2682044798,Canada,+1,douglas98@example.net
b70e7c3c-6c5a-4469-88ac-b2857e5a92ed,Ryan Ramos DDS,melissa49@example.org,14102144852,Chad,+235,melissa49@example.org
21231327-01b6-4020-bddb-d4717e676541,Diana Flores,umorales@example.org,7527691508,Chile,+56,umorales@example.org
d1c31505-73ab-4e70-86b3-a6c358694f1e,Ian Matthews,umckinney@example.net,4266737153,Guam,NA,umckinney@example.net
f963092b-fa72-4017-bfa5-a7daec18bc46,Monica Patel,angela47@example.org,3865873243,Panama,+507,angela47@example.org
afdc2a3c-a1f6-49c2-91a8-734374338851,Joseph Smith,michelle94@example.org,NA,Ireland,+353,michelle94@example.org
3798d046-0526-4bc0-948e-e522e5e63894,Benjamin Good,brandy38@example.net,12332926931,Bolivia,+591,brandy38@example.net
244c19ed-7991-47e0-8947-741e1af8ead2,Cynthia Bryant,calvarez@example.org,5245445119,Kyrgyz Republic,NA,calvarez@example.org
99584202-0270-4f74-bc88-429c690a8b5c,John Sanchez,josephtorres@example.org,6809856294,Serbia,+381,josephtorres@example.org
00fc38f7-b5c7-465c-839b-a55185f2635f,Heather Schneider,larajohn@example.org,7935879728,Namibia,+264,larajohn@example.org
2140af6b-0b34-434e-a567-c8c2fa36dacc,Paula Sims,angelalong@example.org,6954068297,Vietnam,+84,angelalong@example.org
e94efd62-e957-421d-82ab-41b795cfdada,Lisa Nelson,gregorygregory@example.com,NA,Algeria,+213,gregorygregory@example.com
4da4d70a-a5bf-4430-9f9e-11be2fdf42fb,Shawn Little,qbryant@example.org,9052492114,Haiti,+509,qbryant@example.org
f0726893-40da-463d-aefb-707b73f796e6,Russell Morales,NA,15643759914,Korea,NA,NA
f9591e3a-9268-4a26-9541-e7fbeb3bb44c,Sarah Lane,allenanita@example.net,19707531290,Benin,+229,allenanita@example.net
e7e0f57d-c9c0-4f95-b73c-a8fc4061dabb,Michael Wilson,natalie16@example.org,7414746595,Belgium,+32,natalie16@example.org
952f6b7a-4c86-478c-a97d-b7266b95fbe6,Carla Hall,josephking@example.org,6567119784,Indonesia,+62,josephking@example.org
8929c616-bc17-4572-8349-0a586dce21ed,Jaime Anderson,jennifer73@example.net,6446805464,Tonga,+676,jennifer73@example.net
13caca6e-59e7-4b1f-8ef5-7dc49b80edb8,Selena Shaw,thompsonmarie@example.net,17223138608,Marshall Islands,+692,thompsonmarie@example.net
4cad5279-5ebb-47ac-9d2b-796f4f62771a,Charles Sanchez,NA,5777436772,Suriname,+597,NA
8e5cd20b-e463-42f4-83cd-c50d0c72169c,Gabriel Pitts,halldavid@example.com,6918366785,Argentina,+54,halldavid@example.com
0e206840-2f54-49e4-a0c1-7966e11ed3fc,James Rivera,welchcynthia@example.net,9957759693,Comoros,+269,welchcynthia@example.net
c9586ca2-0282-4f57-9f11-c8894f6d7361,Christopher Williams,frazierdeborah@example.com,5164783167,Puerto Rico,NA,frazierdeborah@example.com
0cb9c9d6-5825-48f2-8ee2-4b1cafbac06a,Laura Kent,campbelldeborah@example.org,7645503035,Netherlands Antilles,NA,campbelldeborah@example.org
a28e0da1-cb27-4de4-bf2d-6a40b8c9985b,Christine Moreno,NA,4552930275,Montenegro,+382,NA
73370301-bc1d-482e-b786-c70799aa3387,Taylor Austin,callen@example.org,6594456012,United States Minor Outlying Islands,NA,callen@example.org
601e4cee-bf02-4075-aa48-34915d171ad5,Dana King,ebenton@example.com,9149496404,New Zealand,+64,ebenton@example.com
59f4b9c4-5ffb-4005-9a4e-5eefe8a6ee93,Kathy Dunn,dan71@example.com,3789285733,Cambodia,+855,dan71@example.com
877b1593-0779-4490-aff6-e860b828f4d9,Robert Thomas,NA,2026652935,Jersey,NA,NA
c756b950-6500-4c4a-90c9-61aea582d3ab,Monica King,nielsenjacob@example.org,NA,Estonia,+372,nielsenjacob@example.org
e7b2165a-a574-4b2a-8d1b-4a1b686f163b,Thomas Patterson MD,smithnicholas@example.org,9643371689,Italy,+39,smithnicholas@example.org
f8dea015-f385-4842-88fc-1bb6d1b11529,James Dixon,laurenthomas@example.com,14284655887,Svalbard & Jan Mayen Islands,NA,laurenthomas@example.com
f62f07d1-cecb-48e3-88a3-778ae7788e82,Hector Miller,brightfrank@example.org,12759201215,Uganda,+256,brightfrank@example.org
d6910a32-d23a-4450-b409-ab287937e50c,Michelle Chambers,cindy00@example.org,13396770492,Zambia,+260,cindy00@example.org
d4bb43e8-8f72-4ff6-ab26-b6fac8f26584,Kirsten Osborn,jeremylozano@example.com,5178879632,El Salvador,+503,jeremylozano@example.com
115c9e1f-ac33-4666-8f8a-3ba19244c16e,Taylor Buck,jenniferhawkins@example.com,3574946134,India,+91,jenniferhawkins@example.com
9cfec88c-9489-408d-a297-3fa9bfd32674,John Yates,davidfreeman@example.org,13217400433,Timor-Leste,NA,davidfreeman@example.org
2ede74c5-b9f0-4325-a874-f179e13d0c33,Charles Phillips,mhenry@example.com,7913810817,Gibraltar,NA,mhenry@example.com
1f5be925-7823-44d1-bf31-30f9f9b57bff,Kathryn Brennan,edwin85@example.net,16743014624,Madagascar,+261,edwin85@example.net
41b14a02-df69-4f06-bba9-a32a32d7c008,Annette Shaw,willisanthony@example.net,12982905969,Sudan,+249,willisanthony@example.net
015cc4e1-5cf8-441c-80ad-ca3536c53e9a,Matthew Wilson,timothyho@example.org,8883554148,Cyprus,+357,timothyho@example.org
fb77bcae-7853-4a69-92e6-37ddfbeaa683,Christopher Mitchell,john26@example.com,6763693874,Mauritius,+230,john26@example.com
99bf53c7-0da5-4fcd-9a19-0dcd9e0b27a3,Mr. Austin Walton,murphylaura@example.org,4287523230,Germany,+49,murphylaura@example.org
d7b1f2e9-0f8a-4937-ada5-16c03a9229fc,Kimberly Sanchez,callahanphillip@example.net,9268339607,Sierra Leone,+232,callahanphillip@example.net
bde317de-ef02-449e-9c51-fd3d4874f527,Danielle Moore,doyleaustin@example.net,2887162640,Norfolk Island,NA,doyleaustin@example.net
1d664e5b-d86e-4a54-9d4f-11efa34f9686,Joel Vasquez,raymondstevens@example.org,9067032967,Cameroon,+237,raymondstevens@example.org
ec910504-7738-463c-b269-1b1617b09ad1,Carolyn James,beverett@example.org,7215119113,Spain,+34,beverett@example.org
6693ba68-e359-4332-9500-1c6bf20b81c8,Ronald Henderson,nicholas72@example.com,15183612379,Taiwan,+886,nicholas72@example.com
c109710b-a654-4bea-80df-ee0fbcf16664,Lori Bishop,NA,6266937052,Anguilla,NA,NA
9f8a4fa9-aaa4-481b-98c3-216d940a4ac6,Joseph Hill,dixonmichael@example.org,2423498772,Cambodia,+855,dixonmichael@example.org
cef0b5e5-7791-4972-8737-655b631b9a0d,Shelley Maxwell,marcuscooper@example.net,NA,Saudi Arabia,+966,marcuscooper@example.net
54071699-f838-4567-af10-ebc9368e025f,Samantha Jackson,rickeypeterson@example.com,3514575131,Peru,+51,rickeypeterson@example.com
746c6bb5-6e44-45c8-a8c1-bd56a3396b9f,George Nelson,zmcneil@example.net,2163759995,Portugal,+351,zmcneil@example.net
088dcd89-6393-405e-9059-f7504fcebf4e,Jasmine Combs,teresahamilton@example.org,4485633146,Russian Federation,NA,teresahamilton@example.org
e8c294e5-e3e0-4af2-aadc-bcbb77e4c339,Alexandra Medina,elarson@example.net,18464767125,Bulgaria,+359,elarson@example.net
dcf23921-ec46-463f-8649-2044a7d3163c,Heather Johnson,bcollins@example.com,6594885154,Tunisia,+216,bcollins@example.com
d4caa050-cff9-41a7-ad83-9140288c3dec,Kyle May,christopher59@example.net,6947989797,Tokelau,NA,christopher59@example.net
e738d2c5-cd3e-48fc-b2d4-5c181e398120,Amber Bradshaw,judith30@example.org,3593844954,Equatorial Guinea,+240,judith30@example.org
9f50ba63-e48d-4c8d-87ca-b0e8039a2f93,Stephanie White,kimherring@example.org,12493554649,Colombia,+57,kimherring@example.org
9811739a-a9a7-437e-b44a-85a97b532ff8,Keith Martinez,znorton@example.com,5752494736,Armenia,+374,znorton@example.com
64c3b31f-351c-4445-b609-1813020cef91,Brian Morgan,brooke72@example.org,8474321905,Bahamas,+1-242,brooke72@example.org
230d356d-0e2e-42f7-a1aa-b80fe11f3b8d,Ronald Hickman,NA,7847045116,Tonga,+676,NA
dda34362-f2b6-42ac-966c-ba2d786a33f1,Crystal Elliott,susanbrown@example.com,8476975225,Cambodia,+855,susanbrown@example.com
934c9119-2846-4489-a615-841c7f3d1082,Heather Wiley,elizabethryan@example.org,4592128141,Liechtenstein,+423,elizabethryan@example.org
6f6bdbd5-fad6-424c-abc0-7911b83124ff,William Taylor,jaimeayala@example.net,18978764181,Guadeloupe,NA,jaimeayala@example.net
d35f144f-88dc-4908-8c59-2ad05075d919,Mackenzie Barber,daniel70@example.net,14645192953,French Southern Territories,NA,daniel70@example.net
31010ce5-cdc5-46c7-ac51-002a5098bb57,Dustin Thomas,ortegajeffrey@example.net,8173012182,Jamaica,+1-876,ortegajeffrey@example.net
b57e5b8a-f34a-4bc7-93a5-3a528719706c,Kathryn Bean,kkeller@example.org,9653732583,Australia,+61,kkeller@example.org
3aabadef-3088-462a-85eb-df11f13f2e61,Jennifer Anderson,davidparker@example.com,13683055656,Liechtenstein,+423,davidparker@example.com
2b2673a4-7eed-4776-9b21-12cc5fb6ed51,Roy Young,NA,3167415396,Ukraine,+380,NA
bd56525d-e899-4312-9763-e79d3f6fa54c,Janice Hughes,imurray@example.net,8735175295,Guadeloupe,NA,imurray@example.net
caf55914-e4c8-4286-bf17-525690611587,Brittany Rosario,laurie62@example.com,7186255873,Ecuador,+593,laurie62@example.com
63ed770b-aa27-4c0a-85cb-26331817d7fb,Vanessa Bean,sreid@example.com,19224671080,Yemen,+967,sreid@example.com
ef40cc10-51e5-4470-a36d-8072f9cfa870,Kimberly Eaton,timothyclements@example.net,NA,Pitcairn Islands,NA,timothyclements@example.net
8160ae84-1770-4439-9c71-ff1b9d1b7bb1,James Sandoval,mariacross@example.com,3426420807,Maldives,+960,mariacross@example.com
fcea4c3d-d19d-4181-ab9b-5e5b1f26cf96,Eric Kelly,adkinsjeff@example.net,7922159342,Belize,+501,adkinsjeff@example.net
6f7e2a62-ebb2-45a4-a15f-89734d914fba,Tammy Andrade,joseph27@example.com,7336176167,Korea,NA,joseph27@example.com
a85e6a90-78d5-490c-a53f-c58b2e57c59b,Shannon Deleon,NA,5878628895,Japan,+81,NA
470a6b1d-1ead-4843-b58d-4ca3f441db4f,Sabrina Harper,randy12@example.org,14996375163,Botswana,+267,randy12@example.org
33014cf1-d6eb-4b24-8df8-c18d83e1a547,Tiffany Whitehead,daniel04@example.com,NA,United States Virgin Islands,NA,daniel04@example.com
04ad0d8e-9199-4b32-94b6-55fa1868c331,Jeffrey Parker,loganamanda@example.com,7523952298,Iraq,+964,loganamanda@example.com
9ba98aff-e099-412c-979f-9b63a3b6f9c6,Shelby Gonzalez,browngregg@example.net,NA,Lao People's Democratic Republic,NA,browngregg@example.net
68d10cb9-28d3-4ba7-ae27-eb9a6d129ab1,Cheryl Hurst,okline@example.org,9782663812,Bhutan,+975,okline@example.org
d6ae30a4-41de-40b1-8f7b-3acdcaedb4ce,Marc Martin,chelsea11@example.net,7999256767,Austria,+43,chelsea11@example.net
84441f52-77e5-450b-97d2-80f64c5c4fb4,Christopher Phillips,jacksondeanna@example.net,5882883021,Norway,+47,jacksondeanna@example.net
18967c36-ac8e-4ca1-b063-1d9e9e19d85c,Austin Cook,michael77@example.org,8964325776,Hong Kong,NA,michael77@example.org
6c835c17-8b45-4303-8a5b-3b5c6714aa86,Laura Keller,chughes@example.com,16813063380,Cook Islands,NA,chughes@example.com
cde0c2fb-5bd7-43f6-a9ac-7f27d89005c7,Cameron Santos,pattersonamber@example.net,5585304616,Guinea-Bissau,+245,pattersonamber@example.net
d3a3c064-3115-4cd4-9d1d-3d2a77efa468,Curtis Wong,brittany39@example.org,19648252641,Cook Islands,NA,brittany39@example.org
2feb157a-03d9-4715-9b4b-db6d46c9221f,Tammy Garcia,stephanie94@example.com,15077508926,Latvia,+371,stephanie94@example.com
57f568d3-0c59-4f02-968f-4faecf49b066,Thomas Alvarado,johncook@example.net,4419533897,El Salvador,+503,johncook@example.net
9847b4ef-25c3-4e11-be68-347b6eed2022,Lisa Salazar,david64@example.com,2175567734,Slovakia (Slovak Republic),NA,david64@example.com
006af455-013b-4c09-a6df-15ca3d41010f,Jason Jackson,dylanduran@example.com,2484285464,Philippines,+63,dylanduran@example.com
0b58c0d1-eb41-4b32-9487-6713b6d2cff0,Erica Glenn,mariawhite@example.com,2208229096,Austria,+43,mariawhite@example.com
98508bcb-cc65-43c1-8126-dd6aa3831d5c,Laura Anderson,scotttimothy@example.org,9373220859,Liberia,+231,scotttimothy@example.org
710b89d0-d0e4-41ed-85d4-fedb27a8594f,Christine Hartman,mackenziegoodwin@example.net,2694044416,Angola,+244,mackenziegoodwin@example.net
bbd6947a-99f5-4ec5-8f88-c77cd6391a20,Jennifer Green,browntina@example.com,7828623528,Colombia,+57,browntina@example.com
70a4ae15-0b13-4328-ae69-1a47b5d36d17,Daniel Davila,gblankenship@example.org,12209486753,Myanmar,+95,gblankenship@example.org
c6061e5f-c4ba-4f2d-94eb-da34579f8519,Cameron Silva,sydney01@example.net,6393957205,New Zealand,+64,sydney01@example.net
7213aa78-ff4f-4fc6-a7cd-c1307badbb07,Donna Graham,hrodgers@example.org,3157986768,Saint Helena,NA,hrodgers@example.org
843365a0-30d5-4796-b601-861cae3cbc75,Olivia Tyler,arnoldnatalie@example.com,7139501631,Faroe Islands,NA,arnoldnatalie@example.com
496d85f5-d948-4b71-a41e-e930d6586c7f,Joshua Hebert,jeffrey85@example.org,NA,Pitcairn Islands,NA,jeffrey85@example.org
75702ccf-2ad2-484f-b9be-1c48bddc08c5,Darryl Rojas,NA,19015105986,Czech Republic,+420,NA
708d05ed-2031-4b3b-b7ba-653b6fef47ba,Matthew Fernandez MD,probinson@example.net,4484652974,Qatar,+974,probinson@example.net
3a98d8db-a695-4811-8dd7-dc0ad191e455,Tiffany Franklin,NA,12243335776,Iran,+98,NA
ffcafa36-1e0d-457e-92a5-3dda71742abd,Emily Lane,hhill@example.net,16428772181,Bangladesh,+880,hhill@example.net
500062b9-cd7a-404c-8ab3-19a254ca9455,Sandra Bray,heatherbrown@example.org,5462073603,Guernsey,NA,heatherbrown@example.org
6e46a1e4-4537-4371-9ae7-548c56943336,Douglas Costa,jessicamcgrath@example.org,13768565465,Brazil,+55,jessicamcgrath@example.org
48f17009-8f9a-4b05-a050-d881008a790b,David Nguyen,thompsonjames@example.com,NA,Sri Lanka,+94,thompsonjames@example.com
b34edc3a-c63e-4b27-9c2f-fb3cdf68a8ed,Jenna Campbell,george33@example.com,14297091366,Marshall Islands,+692,george33@example.com
bc7a1591-33bf-464d-ae17-fdc622dd31d4,Tyler Gonzalez,joshua65@example.org,9036534854,Cambodia,+855,joshua65@example.org
d1ab5bf3-78e6-47b4-8db4-7064beb9482d,Amy Grant,pmann@example.org,13737128210,Macao,NA,pmann@example.org
45a5bd86-2bb5-48d5-8af8-6e10c7e07bb7,Paul Gonzalez,stewartstephanie@example.com,17734212120,Bulgaria,+359,stewartstephanie@example.com
342e9e90-fb41-42ef-9778-34ee2c4c536e,Bernard Mack,mary94@example.net,7848054934,Sri Lanka,+94,mary94@example.net
bda6df9f-0c7f-42f8-837a-fa2009db65fb,Colleen Shepard,rbowman@example.net,8493082049,Mozambique,+258,rbowman@example.net
1a73db6a-1f14-42ba-a439-082bf012b576,Bryan Smith,jsmith@example.org,17682666149,Myanmar,+95,jsmith@example.org
e94efd62-e957-421d-82ab-41b795cfdada,Lisa Nelson,gregorygregory@example.com,12618935987,Algeria,+213,gregorygregory@example.com
9ca4c4ed-49bd-445d-9dad-9a32cbbb2145,John Henderson,dillonlisa@example.com,17899870072,Mali,+223,dillonlisa@example.com
98c39fbb-93bb-4c88-b540-042c1cd9433e,John Hall,alicia01@example.com,5196346091,Jamaica,+1-876,alicia01@example.com
c2622e7f-1cb5-4dc2-90d2-46fe480dcae1,Madeline White,jose28@example.org,12892868753,Montserrat,NA,jose28@example.org
56c358bc-4463-4ed7-a555-56878d20bfc9,Samantha Paul,mitchellstacy@example.net,17802917871,Lesotho,+266,mitchellstacy@example.net
f7fe552a-2fc2-47bc-a52b-ada05f61395b,Charlotte Riley,kellyamy@example.net,15582640921,Congo,NA,kellyamy@example.net
d7522cab-f713-4c74-9d32-fadba3a20a85,Sarah Duran,francisleblanc@example.org,18633150524,Lao People's Democratic Republic,NA,francisleblanc@example.org
e687205a-fc06-4534-ac1f-fb6295bfbc7f,Aaron Martinez,lnelson@example.com,17153988746,Saint Lucia,+1-758,lnelson@example.com
5f7ad4c7-6574-41c9-9f10-01b6641d6413,Kelsey Martinez,johnnymunoz@example.com,9398379360,Trinidad and Tobago,+1-868,johnnymunoz@example.com
471524fb-d938-4f65-80d0-6ee269761b2f,Gail Morrow,williamscrystal@example.net,7103392713,Spain,+34,williamscrystal@example.net
db764e86-f0ac-466d-ab8d-f557395b7a5a,Alexander White,cory18@example.com,5869280193,Grenada,+1-473,cory18@example.com
5e1d9cb2-a09b-4e31-8bdb-efda92f3380c,Regina Thompson,craigcraig@example.net,NA,Iraq,+964,craigcraig@example.net
374abbc5-d5ad-47df-8212-30409e84c5c4,Melissa Woodward,uhernandez@example.org,3627784696,Spain,+34,uhernandez@example.org
94076d20-2d99-415d-b532-8232d6539b32,Timothy Lopez,kathleen18@example.org,16024827792,Lebanon,+961,kathleen18@example.org
394241ed-ac14-44eb-8051-873b041f1894,Donald Coleman,williamlarsen@example.org,13267477943,Mongolia,+976,williamlarsen@example.org
856a3393-0d6b-482f-96d9-04e19d17677a,Michelle Moran,josephmurphy@example.net,4283980320,Marshall Islands,+692,josephmurphy@example.net
f134728d-1290-4814-bdfb-cfcd9a9664ec,Meghan Thompson,michellemendez@example.net,5314097233,Bahrain,+973,michellemendez@example.net
8758831f-c1cb-4369-b61d-55de280a4dca,Sandra Butler,cthompson@example.net,6993216357,Equatorial Guinea,+240,cthompson@example.net
6f9a6e6a-a04f-49e3-974e-508015eec9f6,Timothy Cervantes,gregory75@example.org,7206865743,Belgium,+32,gregory75@example.org
337a3f92-1acc-4418-9fd9-1bc92aefd16e,Christopher Marshall,NA,13499682723,Hungary,+36,NA
bab94f6f-db26-4f46-b21e-67dcff924b6e,Kevin Ward,jacksonsamantha@example.org,8142453186,Saint Kitts and Nevis,+1-869,jacksonsamantha@example.org
d2c89e2c-00a6-47ca-b68e-354a85d82544,Derek George,hensonterry@example.com,17683631984,Suriname,+597,hensonterry@example.com
83f85be8-d495-47ab-bea3-adfc7d241082,George Reynolds,matthewrichardson@example.org,19407711631,Netherlands,+31,matthewrichardson@example.org
139771bf-31b5-4508-bcca-9108a68d4ab7,Kevin Skinner,chelsea08@example.net,NA,Cocos (Keeling) Islands,NA,chelsea08@example.net
8aa69e92-8927-4ee4-bb75-60e6297adeaa,Hunter Carroll,nathanvazquez@example.com,17258373310,Serbia,+381,nathanvazquez@example.com
492cb81e-45e2-49fd-9337-c0986cfcfc17,Anna Bryan,ablackwell@example.net,6809336711,Cuba,+53,ablackwell@example.net
7cd74fea-3cb7-4f42-aaff-55eeb852e48e,Courtney Roberts,wmartinez@example.org,NA,Togo,+228,wmartinez@example.org
5c611a44-3106-4923-b046-ca494210731e,Laura Dillon,robertray@example.org,6133976990,Austria,+43,robertray@example.org
a22797d7-1202-4ae3-9266-a3a33bd5406e,Jeffrey Watkins,bkennedy@example.org,14325912661,Serbia,+381,bkennedy@example.org
48fd0fea-3e22-424a-b63b-d7cfd99e27dc,David Davis,manningdarin@example.com,5718087041,Honduras,+504,manningdarin@example.com
31505fa1-f057-42ad-81bb-3ec3b0c26346,Mary Costa,NA,3313822471,Mozambique,+258,NA
2d374acf-1c9c-412e-ac53-90e9892ac707,Caroline Mora,tuckerzachary@example.net,8706113433,Vietnam,+84,tuckerzachary@example.net
de2001d2-a757-44b3-b14c-6b58771d1e61,Jeffrey Calhoun,NA,3475858073,Guadeloupe,NA,NA
cc9a2115-b197-4a2b-9a6a-0fb2da5a0c73,Lori Rose,benderashley@example.org,12868336645,Brazil,+55,benderashley@example.org
f1a1ed7b-46f3-4810-a974-bb7721b6ecc0,Ruth Gonzalez,johnsonanne@example.org,NA,Georgia,+995,johnsonanne@example.org
68ffaad9-862a-42e5-b62a-07b4444e162c,Rodney Mendez,anthony50@example.org,19625040465,Syrian Arab Republic,NA,anthony50@example.org
433fb306-e4da-40f1-bb7c-ec519c430ff8,Brenda Martinez,velasquezdestiny@example.org,4075499580,Iran,+98,velasquezdestiny@example.org
dbf90d56-f362-4105-bbc4-fe2f74ec19ee,Franklin Brown,norma10@example.com,NA,Colombia,+57,norma10@example.com
329c9325-2d4b-4456-a5a7-d43f8300624a,Sarah Daniel,rwells@example.org,17742452665,Cayman Islands,NA,rwells@example.org
0dacffcc-bfd3-4cd6-b313-5377c508b0c3,Randall Simpson,billy23@example.net,9004920787,Tonga,+676,billy23@example.net
2848f082-bd98-457c-9aca-0d84b1a82397,Donna Carlson,pricerobert@example.com,2763170623,Trinidad and Tobago,+1-868,pricerobert@example.com
7aa69157-98e8-47bc-8f87-60424d9c3613,Adam Cooper,paul56@example.org,17165122132,French Polynesia,NA,paul56@example.org
35e9370c-b4c6-45c0-b6c7-85a9474fca61,Nicole Doyle,mcbrideeric@example.com,5079917197,Bahamas,+1-242,mcbrideeric@example.com
c11b56a9-62cc-4b81-89a5-88781dc00f00,Mr. Michael Grant,ethan05@example.org,7336481991,Japan,+81,ethan05@example.org
55d71f6a-a09c-4e86-86ae-c2c13e4fa152,Lauren Price,xthompson@example.com,NA,Iran,+98,xthompson@example.com
025f5aca-fdb3-4dad-82e1-641eecf92d50,Joseph Hurst,johnsondanielle@example.com,5903470679,United States of America,NA,johnsondanielle@example.com
fa0eb7a7-d4b3-4718-b81c-194fdc8bdeba,Victor Cowan,torresjustin@example.com,13837950054,Australia,+61,torresjustin@example.com
4d49980c-3673-45b6-8dec-800abe913197,Kyle Dean MD,thompsonjennifer@example.com,12128142921,Saint Pierre and Miquelon,NA,thompsonjennifer@example.com
ffabe3fc-2780-4068-a25a-2d8174152b10,Julian White,seansalinas@example.org,19057509811,Saint Helena,NA,seansalinas@example.org
12043911-de36-4c9e-ba83-41b9c5127998,Virginia Bryan,alisoncline@example.net,18253499719,Argentina,+54,alisoncline@example.net
32ff8abe-2cb4-4c16-af6d-a9359e4de2f0,Andrea Richardson,castanedajudy@example.com,7052145773,Australia,+61,castanedajudy@example.com
9fde07a1-09d5-4c61-bcbd-4ac93e845af9,Rebecca Hanson,jenniferwillis@example.com,5354167519,Turks and Caicos Islands,NA,jenniferwillis@example.com
3b480637-ec8c-4eb3-b6d4-d371107eb422,Steven Mason,coryrichardson@example.net,NA,Congo,NA,coryrichardson@example.net
c1e7a24a-0cc4-4a3e-8cf1-1e3487076ef4,John Carter,ryanking@example.org,2218434518,Burkina Faso,+226,ryanking@example.org
ff19ffee-f0ca-4137-80c5-a588757eaf2c,Thomas Olson,renee39@example.net,NA,Heard Island and McDonald Islands,NA,renee39@example.net
ff3a6c5b-77ac-485c-908a-0118aeab482d,Amy Garza,amandaalvarez@example.com,2996799761,French Polynesia,NA,amandaalvarez@example.com
8d533d2a-7c02-4345-8a9d-0349182dd268,Daniel Cruz,NA,9154730918,Argentina,+54,NA
8c96c1f3-301d-4652-8808-ed7fd44c96d8,Amy Mercado,lawrence46@example.org,15348509855,Cocos (Keeling) Islands,NA,lawrence46@example.org
1216a4e6-11a3-40ac-b2fa-633097e928f0,Keith Rivera,jonathanharris@example.net,13169666676,Bosnia and Herzegovina,+387,jonathanharris@example.net
b00b496d-1daa-4b47-9d1c-b33517e4573f,Heather Smith,mlowe@example.com,5687670750,Western Sahara,NA,mlowe@example.com
ce8c4a0b-0579-4b86-aeff-5acee3c3021f,Elizabeth Ramsey,anthony54@example.com,17384897203,Romania,+40,anthony54@example.com
f20755f6-8481-4904-afe6-504451ceded5,John Boyer,jennifer15@example.org,7496445721,New Caledonia,NA,jennifer15@example.org
b90fe481-23fd-43db-b717-7efed70e20d1,Christina Warren,melindaholt@example.org,4056979702,Latvia,+371,melindaholt@example.org
dae0689d-0c38-440c-b921-fe2413c3df3b,Margaret Terry,jmiller@example.net,5166804883,Bahrain,+973,jmiller@example.net
8882d25f-56f0-46d3-b778-8b3e4d16f519,Dana Smith,valerie41@example.com,7615365515,Guinea-Bissau,+245,valerie41@example.com
5763fb1e-1da0-47ac-bcdd-ebf926dbf43b,Tiffany Espinoza,NA,2346263603,Estonia,+372,NA
c83fa867-56ae-4338-8ac3-de10c62031f1,Alex Gilbert,maureenwright@example.org,4739689853,Bulgaria,+359,maureenwright@example.org
54ba475c-eed6-4d9b-ba8a-1652f11acbc2,Brian Chavez,oconnorricky@example.org,NA,Northern Mariana Islands,NA,oconnorricky@example.org
c574c838-f8f7-4e22-b8fb-5950756262f4,Raymond Beck,pmartinez@example.com,3113023193,Malaysia,+60,pmartinez@example.com
66b615cf-36c3-428a-8c2e-b006c0f9ea7c,Jennifer Kim,tammyyork@example.org,7335489608,Saint Helena,NA,tammyyork@example.org
48fd251c-109a-4a51-a9e0-96b983f609e6,Bryan Alexander,manningjoshua@example.net,9395151344,Myanmar,+95,manningjoshua@example.net
f5f5a103-dd6d-47de-8b7e-685d9773533f,Juan Bradley,bhunter@example.net,NA,South Georgia and the South Sandwich Islands,NA,bhunter@example.net
a24f83e7-7de7-4196-a7a7-ba9d21823b14,Cynthia Alvarez,NA,7374670957,Rwanda,+250,NA
afb47af0-4389-4954-972b-964db440169c,Elizabeth Williams,trevortorres@example.net,NA,Ukraine,+380,trevortorres@example.net
b38a8161-d182-45c1-92eb-c5fba24dd198,Anna Tate,jwest@example.net,18724359183,Nepal,+977,jwest@example.net
b58957f3-667b-462a-9fd0-dc93ff521145,Sherry Walsh,kellynathan@example.org,3808442118,Colombia,+57,kellynathan@example.org
61a98216-3f7a-4a96-b561-172f46606985,Emily Reed,stephenrich@example.com,19752667142,Afghanistan,+93,stephenrich@example.com
8b32a852-99ed-4dec-89a4-1f44ffcf50b1,Kevin Gallagher,katherineschaefer@example.com,12584212413,Azerbaijan,+994,katherineschaefer@example.com
db150905-e2d4-47d2-840d-65c971d634a2,William Ray,xmcgee@example.net,8916155800,Rwanda,+250,xmcgee@example.net
a816cf2d-0c49-4c1c-9a05-64715fc11b29,James Gross,NA,4098949891,United Arab Emirates,+971,NA
2f0c8d2f-6095-4eb8-8543-382b2ed419f6,Alexis Garcia,fisherdarren@example.org,19932426537,Barbados,+1-246,fisherdarren@example.org
2cf5e96e-6e09-4d97-b5f3-a04cd0244cc8,Kimberly Paul MD,isalas@example.org,4517164923,Samoa,+685,isalas@example.org
01d13428-d511-4c3d-90c7-b5624931ff48,Robert Contreras,lydia12@example.com,NA,Swaziland,NA,lydia12@example.com
ba395db1-0232-4cb7-a751-f1dc9e20b251,Chad Tyler,amandaflores@example.org,2706409587,Palestinian Territory,NA,amandaflores@example.org
b557df31-34c0-45a0-9394-6bfa2b26a1fb,Albert Ward,rarcher@example.net,NA,Holy See (Vatican City State),NA,rarcher@example.net
70f9f2b5-136e-4699-9dba-f21aba27db62,Joseph Allen,clifford88@example.com,19844205795,Turks and Caicos Islands,NA,clifford88@example.com
cbbcf29e-4b50-41b9-acdc-53318fa98227,Paula Velasquez,jacksonpatrick@example.org,8435896963,Burkina Faso,+226,jacksonpatrick@example.org
fd6f48cd-204a-43b2-8632-ca7f47f72481,Jose Gallagher,floresjohn@example.org,3635104529,Bahrain,+973,floresjohn@example.org
e47edfb0-2977-434a-8bc3-f75b8b6ea95c,Glenn Fisher,rliu@example.net,7875914982,Indonesia,+62,rliu@example.net
ece0218b-b096-4efb-a2cc-8738188b3dcd,Stacy Shepherd,erin07@example.com,7009052474,Cyprus,+357,erin07@example.com
8176e84e-6332-464e-a706-9643801e1586,Jerome Richard,aguirredanielle@example.net,3897944144,Philippines,+63,aguirredanielle@example.net
10cb18e7-f765-4336-bed6-32e5845ce923,Jennifer Jensen,halldeborah@example.net,6816208166,French Southern Territories,NA,halldeborah@example.net
8419e344-58ce-4627-ae66-9e44f345dc2a,Tammie Romero,cunninghamcody@example.net,17255403466,Morocco,+212,cunninghamcody@example.net
8342feed-01c0-4011-afc4-b83002164d98,Michael Jackson,kenneth63@example.net,9377540556,Colombia,+57,kenneth63@example.net
67b78b5d-cc20-4865-850b-9c2ae56a183b,Jane Owen,cholloway@example.net,14365726130,Israel,+972,cholloway@example.net
3e77461b-6339-47c3-b701-14ddf2d53df0,Jimmy Bean,leonardglenn@example.org,2403494847,Swaziland,NA,leonardglenn@example.org
a5571fa0-25bd-4d78-a2d7-fa8eb23cdba2,Bryan Lucero,pricemelissa@example.com,2092452643,Albania,+355,pricemelissa@example.com
6db91da3-dff0-4c73-8dd5-aa1a5ce857bc,Kyle Anderson,rickygarza@example.org,7218863657,Sao Tome and Principe,NA,rickygarza@example.org
2434fcc8-d8d7-4f5d-a102-eb464d535a66,Dale Morgan,jamesward@example.com,4858297009,Palau,+680,jamesward@example.com
f341d728-68ce-43e2-a8c4-d258891a5260,Arthur Scott,robinunderwood@example.com,9352702812,Bahrain,+973,robinunderwood@example.com
56913285-ca55-478c-9458-f85607bc2882,Anthony York,elizabethhogan@example.com,4243843794,Sierra Leone,+232,elizabethhogan@example.com
352ac394-fb15-4e8e-84f1-2ca130a159d5,Misty Johnson,kimberlymckee@example.org,15574914381,Malaysia,+60,kimberlymckee@example.org
0b7f37a7-5ef6-4514-afa5-87f24ad4ea70,Chelsea Lewis,jbradshaw@example.com,16376917548,Lesotho,+266,jbradshaw@example.com
5ec59d77-b749-46af-9824-7613a9d1b306,Ryan Wilson,hwebb@example.net,7659561640,Ukraine,+380,hwebb@example.net
46429917-5a0f-4042-b39b-3dda0e9e9151,Jody Holloway,butlerbrett@example.net,5393062934,Cape Verde,+238,butlerbrett@example.net
959c3d18-9747-4de6-acc9-1a505deb7ea5,David Morgan,seanarroyo@example.com,3924245775,Korea,NA,seanarroyo@example.com
06c56c9d-c1e5-480d-b82a-71ef2c4a9eca,Megan Reed,thomas40@example.net,7659153762,Swaziland,NA,thomas40@example.net
131c4d35-771a-44e8-96cb-bb10e8a473c1,Matthew Alvarez,matthew89@example.net,9129605546,Argentina,+54,matthew89@example.net
51b50514-f430-45cf-a2aa-3d5423f42cc2,William Garcia,shane83@example.org,3072250525,Guadeloupe,NA,shane83@example.org
0ff2c56a-a2af-4e87-90d0-24904f0f9426,Jennifer Snyder,smithmeagan@example.com,13162950242,Montserrat,NA,smithmeagan@example.com
703758f1-a8fe-491b-aba0-4c375aaf40ee,Christopher Baker,raymond85@example.com,5448527752,Liberia,+231,raymond85@example.com
302515f3-d41c-404b-8a5b-37f8b2cb9de2,Ryan Rose,wmason@example.net,3183180038,Brazil,+55,wmason@example.net
ad9465fa-eb61-4faa-84ff-e5194bd62ea2,Katherine Williams,erin39@example.net,13924935620,Iraq,+964,erin39@example.net
86b74a1f-25f6-4fb3-b91d-bdd3c66382b4,Angelica Mclaughlin,slopez@example.com,18942250193,Bangladesh,+880,slopez@example.com
de8a7d83-4e9a-4ccf-aabe-07d5c37f232f,Michelle Snyder,joseph29@example.net,NA,Western Sahara,NA,joseph29@example.net
2b1b6303-a156-4076-b79c-88087c0e718a,Kevin Collins,benderlisa@example.org,NA,Barbados,+1-246,benderlisa@example.org
55f70932-3469-4536-a034-a92fb656766f,John Young,simpsonjoyce@example.net,9379679400,Ireland,+353,simpsonjoyce@example.net
899ee796-1fae-43de-8d68-b6ed08091a0f,Tamara Tran,vvega@example.com,2852256537,Equatorial Guinea,+240,vvega@example.com
fd2111bb-5635-40f4-90a5-68c4e90c9304,Robin Montoya DDS,arnoldandrew@example.net,2007825923,Taiwan,+886,arnoldandrew@example.net
3c474fce-7479-4759-83a6-3678ce96f4ea,Andrew Norman,NA,5569594414,Samoa,+685,NA
c030bb33-2044-4d2b-9c5b-33ef5e03b98b,Jennifer Lewis,smithsusan@example.net,12857519483,Tokelau,NA,smithsusan@example.net
d625e728-93bf-4b14-8bd6-0fa9260e01f8,Victoria Hahn,robert64@example.org,19739646039,Nepal,+977,robert64@example.org
c7b6bdce-a75f-4453-b800-a600655027a1,Tina Skinner,creyes@example.org,2883804348,Costa Rica,+506,creyes@example.org
d29ce320-6934-4c38-bcc4-3a1982bf186e,Carl Mann,ramirezkent@example.org,4476429229,Micronesia,+691,ramirezkent@example.org
8f42d0ab-d446-4084-a40e-70c1fae0468e,Patrick Berry,savageedward@example.org,9093880200,San Marino,+378,savageedward@example.org
